name,code,price,image_url
Fosforos . Aniversario Cja 400 Uni," (142658) ","
              
 
 





















 




 
 




 
 
 
 
 
 
 
 
 
 
 
 
 
 
 
 
 
 
 
 $259,99
 
 
 
 



 ",https://static.cotodigital3.com.ar/sitios/fotos/medium/00142600/00142658.jpg?3.0.150n
Fosforos Tradicional 3 Patitos Cja 400 Uni," (514393) ","
              
 
 





















 




 
 




 
 
 
 
 
 
 
 
 
 
 
 
 
 
 
 
 
 
 
 $294,29
 
 
 
 



 ",https://static.cotodigital3.com.ar/sitios/fotos/medium/00514300/00514393.jpg?3.0.150n
Fosforos Buenos Dias Cja 220 Uni," (524542) ","
              
 
 





















 




 
 




 
 
 
 
 
 
 
 
 
 
 
 
 
 
 
 
 
 
 
 $164,31
 
 
 
 



 ",https://static.cotodigital3.com.ar/sitios/fotos/medium/00524500/00524542.jpg?3.0.150n
Fosforos Tradicional 3 Patitos Cja 222 Uni," (514210) ","
              
 
 





















 




 
 




 
 
 
 
 
 
 
 
 
 
 
 
 
 
 
 
 
 
 
 $185,09
 
 
 
 



 ",https://static.cotodigital3.com.ar/sitios/fotos/medium/00514200/00514210.jpg?3.0.150n
Fosforos . Fragata Cja 220 Uni," (514211) ","
              
 
 





















 




 
 




 
 
 
 
 
 
 
 
 
 
 
 
 
 
 
 
 
 
 
 $185,09
 
 
 
 



 ",https://static.cotodigital3.com.ar/sitios/fotos/medium/00514200/00514211.jpg?3.0.150n
Cuchillos Descart.Blanco X 20 . . .," (223652) ","
              
 
 





















 




 
 




 
 
 
 
 
 
 
 
 
 
 
 
 
 
 
 
 
 
 
 $19,90
 
 
 
 



 ",https://static.cotodigital3.com.ar/sitios/fotos/medium/00223600/00223652.jpg?3.0.150n
Pañuelos ELITE Doble Hoja Caja 100 Unidades," (264677) ","
              
 
 





















 




 
 




 
 
 
 
 
 
 
 
 
 
 
 
 
 
 
 
 
 
 
 $171,59
 
 
 
 



 ",https://static.cotodigital3.com.ar/sitios/fotos/medium/00264600/00264677.jpg?3.0.150n
Terminales Para Trenza Tao X 80 Uni," (536390) ","
              
 
 





















 




 
 




 
 
 
 
 
 
 
 
 
 
 
 
 
 
 
 
 
 
 
 $160,99
 
 
 
 



 ",https://static.cotodigital3.com.ar/sitios/fotos/medium/00536300/00536390.jpg?3.0.150n
Champignon Blanco HONGOS DEL PILAR X 200 Gr," (229507) ","
              
 
 





















 




 
 




 
 
 
 
 
 
 
 
 
 
 
 
 
 
 
 
 
 
 
 $499,00
 
 
 
 



 ",https://static.cotodigital3.com.ar/sitios/fotos/medium/00229500/00229507.jpg?3.0.150n
Hisopos Algabo Paq 125 Uni," (531663) ","
              
 
 





















 




 
 




 
 
 
 
 
 
 
 
 
 
 
 
 
 
 
 
 
 
 
 $320,99
 
 
 
 



 ",https://static.cotodigital3.com.ar/sitios/fotos/medium/00531600/00531663.jpg?3.0.150n
Pañuelos ELITE Doble Hoja Caja 75 Unidades," (264676) ","
              
 
 





















 




 
 




 
 
 
 
 
 
 
 
 
 
 
 
 
 
 
 
 
 
 
 $193,39
 
 
 
 



 ",https://static.cotodigital3.com.ar/sitios/fotos/medium/00264600/00264676.jpg?3.0.150n
Hisopos Q-Soft Familiar Cja 75 Uni," (214231) ","
              
 
 





















 




 
 




 
 
 
 
 
 
 
 
 
 
 
 
 
 
 
 
 
 
 
 $224,59
 
 
 
 



 ",https://static.cotodigital3.com.ar/sitios/fotos/medium/00214200/00214231.jpg?3.0.150n
Hisopos Algabo 125 Uni," (540442) ","
              
 
 





















 




 
 




 
 
 
 
 
 
 
 
 
 
 
 
 
 
 
 
 
 
 
 $395,99
 
 
 
 



 ",https://static.cotodigital3.com.ar/sitios/fotos/medium/00540400/00540442.jpg?3.0.150n
Pepinos Agridulces Alemanes Herr Kukumber Fra 1.5 Kg," (282108) ","
              
 
 





















 




 
 




 
 
 
 
 
 
 
 
 
 
 
 
 
 
 
 
 
 
 
 $2.870,14
 
 
 
 



 ",https://static.cotodigital3.com.ar/sitios/fotos/medium/00282100/00282108.jpg?3.0.150n
Escarbadient - Dos Picos Bsa 100 Uni," (237063) ","
              
 
 





















 




 
 




 
 
 
 
 
 
 
 
 
 
 
 
 
 
 
 
 
 
 
 $324,47
 
 
 
 



 ",https://static.cotodigital3.com.ar/sitios/fotos/medium/00237000/00237063.jpg?3.0.150n
Hisopos Q-Soft Familiar Pot 150 Uni," (215720) ","
              
 
 





















 




 
 




 
 
 
 
 
 
 
 
 
 
 
 
 
 
 
 
 
 
 
 $489,49
 
 
 
 



 ",https://static.cotodigital3.com.ar/sitios/fotos/medium/00215700/00215720.jpg?3.0.150n
Escarbadientes Iberia 1 Paq 50 Unidades," (284567) ","
              
 
 





















 




 
 




 
 
 
 
 
 
 
 
 
 
 
 
 
 
 
 
 
 
 
 $163,27
 
 
 
 



 ",https://static.cotodigital3.com.ar/sitios/fotos/medium/00284500/00284567.jpg?3.0.150n
Servilletas Familiares X 1 Sussex Paq 140 Uni," (522551) ","
              
 
 





















 




 
 




 
 
 
 
 
 
 
 
 
 
 
 
 
 
 
 
 
 
 
 $464,79
 
 
 
 



 ",https://static.cotodigital3.com.ar/sitios/fotos/medium/00522500/00522551.jpg?3.0.150n
Hisopos Q-Soft Familiar Pot 100 Uni," (190545) ","
              
 
 





















 




 
 




 
 
 
 
 
 
 
 
 
 
 
 
 
 
 
 
 
 
 
 $333,59
 
 
 
 



 ",https://static.cotodigital3.com.ar/sitios/fotos/medium/00190500/00190545.jpg?3.0.150n
Hisopos Estrella Paq 125 Uni," (521550) ","
              
 
 





















 




 
 




 
 
 
 
 
 
 
 
 
 
 
 
 
 
 
 
 
 
 
 $456,99
 
 
 
 



 ",https://static.cotodigital3.com.ar/sitios/fotos/medium/00521500/00521550.jpg?3.0.150n
Film Separador SEPARATA Para Freezer 19x25 Bol 100 Uni," (101416) ","
              
 
 





















 




 
 




 
 
 
 
 
 
 
 
 
 
 
 
 
 
 
 
 
 
 
 $378,69
 
 
 
 



 ",https://static.cotodigital3.com.ar/sitios/fotos/medium/00101400/00101416.jpg?3.0.150n
Servilletas Extra Elite 120 Uni," (539878) ","
              
 
 





















 




 
 




 
 
 
 
 
 
 
 
 
 
 
 
 
 
 
 
 
 
 
 $459,69
 
 
 
 



 ",https://static.cotodigital3.com.ar/sitios/fotos/medium/00539800/00539878.jpg?3.0.150n
Te X100 Saq Filtr Taragui Est 100 Uni," (511774) ","
              
 
 





















 




 
 




 
 
 
 
 
 
 
 
 
 
 
 
 
 
 
 
 
 
 
 $384,00
 
 
 
 



 ",https://static.cotodigital3.com.ar/sitios/fotos/medium/00511700/00511774.jpg?3.0.150n
Cuchillo Desc Tami Blanco Blis. X20 Uni . . .," (479406) ","
              
 
 





















 




 
 




 
 
 
 
 
 
 
 
 
 
 
 
 
 
 
 
 
 
 
 $79,90
 
 
 
 



 ",https://static.cotodigital3.com.ar/sitios/fotos/medium/00479400/00479406.jpg?3.0.150n
Cuchillo Desc Darnel Cristal Blis. X20 Uni . . .," (479405) ","
              
 
 





















 




 
 




 
 
 
 
 
 
 
 
 
 
 
 
 
 
 
 
 
 
 
 $89,90
 
 
 
 



 ",https://static.cotodigital3.com.ar/sitios/fotos/medium/00479400/00479405.jpg?3.0.150n
Te . Rosamonte Cja 50 Uni," (11296) ","
              
 
 





















 




 
 




 
 
 
 
 
 
 
 
 
 
 
 
 
 
 
 
 
 
 
 $240,44
 
 
 
 



 ",https://static.cotodigital3.com.ar/sitios/fotos/medium/00011200/00011296.jpg?3.0.150n
Te Verde Citrus LA VIRGINIA Est 20 Uni," (240741) ","
              
 
 





















 




 
 




 
 
 
 
 
 
 
 
 
 
 
 
 
 
 
 
 
 
 
 $185,80
 
 
 
 



 ",https://static.cotodigital3.com.ar/sitios/fotos/medium/00240700/00240741.jpg?3.0.150n
Te X50 Saq Filtro Taragui Est 50 Uni," (511775) ","
              
 
 





















 




 
 




 
 
 
 
 
 
 
 
 
 
 
 
 
 
 
 
 
 
 
 $232,96
 
 
 
 



 ",https://static.cotodigital3.com.ar/sitios/fotos/medium/00511700/00511775.jpg?3.0.150n
Servilletas Blancas Felpita Paq 140 Uni," (526650) ","
              
 
 





















 




 
 




 
 
 
 
 
 
 
 
 
 
 
 
 
 
 
 
 
 
 
 $669,39
 
 
 
 



 ",https://static.cotodigital3.com.ar/sitios/fotos/medium/00526600/00526650.jpg?3.0.150n
Servilletas FELPITA Paquete 70 Unidades," (464722) ","
              
 
 





















 




 
 




 
 
 
 
 
 
 
 
 
 
 
 
 
 
 
 
 
 
 
 $337,29
 
 
 
 



 ",https://static.cotodigital3.com.ar/sitios/fotos/medium/00464700/00464722.jpg?3.0.150n
Desmaquillador ESTRELLA Discos Bol 80 Uni," (12248) ","
              
 
 





















 




 
 




 
 
 
 
 
 
 
 
 
 
 
 
 
 
 
 
 
 
 
 $399,99
 
 
 
 



 ",https://static.cotodigital3.com.ar/sitios/fotos/medium/00012200/00012248.jpg?3.0.150n
Toalla Humeda Baby Wipes Life Quality Fwp 50 Uni," (524208) ","
              
 
 





















 




 
 




 
 
 
 
 
 
 
 
 
 
 
 
 
 
 
 
 
 
 
 $254,99
 
 
 
 



 ",https://static.cotodigital3.com.ar/sitios/fotos/medium/00524200/00524208.jpg?3.0.150n
Hisopos Estrella Pot 125 Uni," (521562) ","
              
 
 





















 




 
 




 
 
 
 
 
 
 
 
 
 
 
 
 
 
 
 
 
 
 
 $657,99
 
 
 
 



 ",https://static.cotodigital3.com.ar/sitios/fotos/medium/00521500/00521562.jpg?3.0.150n
Papel Glace Lustre X 10 Hojas," (178823) ","
              
 
 





















 




 
 




 
 
 
 
 
 
 
 
 
 
 
 
 
 
 
 
 
 
 
 $54,90
 
 
 
 



 ",https://static.cotodigital3.com.ar/sitios/fotos/medium/00178800/00178823.jpg?3.0.150n
Cinta Transparente Scotch 500 12 Mm 25 M 1 Unidad," (178835) ","
              
 
 





















 




 
 




 
 
 
 
 
 
 
 
 
 
 
 
 
 
 
 
 
 
 
 $139,00
 
 
 
 



 ",https://static.cotodigital3.com.ar/sitios/fotos/medium/00178800/00178835.jpg?3.0.150n
Servilletas Blancas Felpita Paq 70 Uni," (526649) ","
              
 
 





















 




 
 




 
 
 
 
 
 
 
 
 
 
 
 
 
 
 
 
 
 
 
 $389,29
 
 
 
 



 ",https://static.cotodigital3.com.ar/sitios/fotos/medium/00526600/00526649.jpg?3.0.150n
Servilletas FELPITA De Mesa 33x30 Paquete 40 Unidades," (267862) ","
              
 
 





















 




 
 




 
 
 
 
 
 
 
 
 
 
 
 
 
 
 
 
 
 
 
 $223,79
 
 
 
 



 ",https://static.cotodigital3.com.ar/sitios/fotos/medium/00267800/00267862.jpg?3.0.150n
Cinta Scotch Empaque Transp 24 Mm X 50 Mts . . .," (456809) ","
              
 
 





















 




 
 




 
 
 
 
 
 
 
 
 
 
 
 
 
 
 
 
 
 
 
 $289,00
 
 
 
 



 ",https://static.cotodigital3.com.ar/sitios/fotos/medium/00456800/00456809.jpg?3.0.150n
.Tarugos Plasticos De 5 Mm. -23 -," (49749) ","
              
 
 





















 




 
 




 
 
 
 
 
 
 
 
 
 
 
 
 
 
 
 
 
 
 
 $109,00
 
 
 
 



 ",https://static.cotodigital3.com.ar/sitios/fotos/medium/00049700/00049749.jpg?3.0.150n
Cinta De Embalar THS 37 M Transparente," (137069) ","
              
 
 





















 




 
 




 
 
 
 
 
 
 
 
 
 
 
 
 
 
 
 
 
 
 
 $229,00
 
 
 
 



 ",https://static.cotodigital3.com.ar/sitios/fotos/medium/00137000/00137069.jpg?3.0.150n
Bombon Vegan Frambuesa C/Ch Karinat Pot 120 Grm," (512623) ","
              
 
 





















 




 
 




 
 
 
 
 
 
 
 
 
 
 
 
 
 
 
 
 
 
 
 $768,05
 
 
 
 



 ",https://static.cotodigital3.com.ar/sitios/fotos/medium/00512600/00512623.jpg?3.0.150n
Protectores Diario Normal Calipso Paq 80 Uni," (531668) ","
              
 
 





















 




 
 




 
 
 
 
 
 
 
 
 
 
 
 
 
 
 
 
 
 
 
 $515,89
 
 
 
 



 ",https://static.cotodigital3.com.ar/sitios/fotos/medium/00531600/00531668.jpg?3.0.150n
Invisibles TAO Bli 24 Uni," (191997) ","
              
 
 





















 




 
 




 
 
 
 
 
 
 
 
 
 
 
 
 
 
 
 
 
 
 
 $167,99
 
 
 
 



 ",https://static.cotodigital3.com.ar/sitios/fotos/medium/00191900/00191997.jpg?3.0.150n
Protectores Diarios Normal CALIPSO 50 Uni," (527918) ","
              
 
 





















 




 
 




 
 
 
 
 
 
 
 
 
 
 
 
 
 
 
 
 
 
 
 $355,69
 
 
 
 



 ",https://static.cotodigital3.com.ar/sitios/fotos/medium/00527900/00527918.jpg?3.0.150n
.Clavos De Hierro De 1 1/2 Pugada -70 -," (50392) ","
              
 
 





















 




 
 




 
 
 
 
 
 
 
 
 
 
 
 
 
 
 
 
 
 
 
 $359,00
 
 
 
 



 ",https://static.cotodigital3.com.ar/sitios/fotos/medium/00050300/00050392.jpg?3.0.150n
.Clavos De Hierro De 1 Pulgada -69 -," (50391) ","
              
 
 





















 




 
 




 
 
 
 
 
 
 
 
 
 
 
 
 
 
 
 
 
 
 
 $359,00
 
 
 
 



 ",https://static.cotodigital3.com.ar/sitios/fotos/medium/00050300/00050391.jpg?3.0.150n
.Clavos De Hierro 10 X 35 -68 -," (50228) ","
              
 
 





















 




 
 




 
 
 
 
 
 
 
 
 
 
 
 
 
 
 
 
 
 
 
 $359,00
 
 
 
 



 ",https://static.cotodigital3.com.ar/sitios/fotos/medium/00050200/00050228.jpg?3.0.150n
.Clavos De Hierro 8 X 20 -67 -," (50227) ","
              
 
 





















 




 
 




 
 
 
 
 
 
 
 
 
 
 
 
 
 
 
 
 
 
 
 $359,00
 
 
 
 



 ",https://static.cotodigital3.com.ar/sitios/fotos/medium/00050200/00050227.jpg?3.0.150n
Servilletas Gold Elite Paq 35 Uni," (114057) ","
              
 
 





















 




 
 




 
 
 
 
 
 
 
 
 
 
 
 
 
 
 
 
 
 
 
 $254,79
 
 
 
 



 ",https://static.cotodigital3.com.ar/sitios/fotos/medium/00114000/00114057.jpg?3.0.150n
Cinta Enmascarar THS 50 M," (90344) ","
              
 
 





















 




 
 




 
 
 
 
 
 
 
 
 
 
 
 
 
 
 
 
 
 
 
 $369,00
 
 
 
 



 ",https://static.cotodigital3.com.ar/sitios/fotos/medium/00090300/00090344.jpg?3.0.150n
Cinta Transparente Scotch 12 Mm 20 M 1 Unidad," (459264) ","
              
 
 





















 




 
 




 
 
 
 
 
 
 
 
 
 
 
 
 
 
 
 
 
 
 
 $149,00
 
 
 
 



 ",https://static.cotodigital3.com.ar/sitios/fotos/medium/00459200/00459264.jpg?3.0.150n
Precintos Nylon 3.6 X 140 Mm X 100 Und Colores Surtidos," (103090) ","
              
 
 





















 




 
 




 
 
 
 
 
 
 
 
 
 
 
 
 
 
 
 
 
 
 
 $749,00
 
 
 
 



 ",https://static.cotodigital3.com.ar/sitios/fotos/medium/00103000/00103090.jpg?3.0.150n
Palitos Para Brochette IDEAL Paq 25 Uni," (255139) ","
              
 
 





















 




 
 




 
 
 
 
 
 
 
 
 
 
 
 
 
 
 
 
 
 
 
 $190,31
 
 
 
 



 ",https://static.cotodigital3.com.ar/sitios/fotos/medium/00255100/00255139.jpg?3.0.150n
Fajín De Maderitas Los Leños 1 Uni," (535827) ","
              
 
 





















 




 
 




 
 
 
 
 
 
 
 
 
 
 
 
 
 
 
 
 
 
 
 $199,00
 
 
 
 



 ",https://static.cotodigital3.com.ar/sitios/fotos/medium/00535800/00535827.jpg?3.0.150n
Cinta De Embalar THS 37 M Transparente," (137067) ","
              
 
 





















 




 
 




 
 
 
 
 
 
 
 
 
 
 
 
 
 
 
 
 
 
 
 $299,00
 
 
 
 



 ",https://static.cotodigital3.com.ar/sitios/fotos/medium/00137000/00137067.jpg?3.0.150n
Cinta De Embalar THS 37 M Marrón," (137068) ","
              
 
 





















 




 
 




 
 
 
 
 
 
 
 
 
 
 
 
 
 
 
 
 
 
 
 $299,00
 
 
 
 



 ",https://static.cotodigital3.com.ar/sitios/fotos/medium/00137000/00137068.jpg?3.0.150n
Toallas Humedas Sanitizante Life Quality Fwp 40 Uni," (528890) ","
              
 
 





















 




 
 




 
 
 
 
 
 
 
 
 
 
 
 
 
 
 
 
 
 
 
 $333,99
 
 
 
 



 ",https://static.cotodigital3.com.ar/sitios/fotos/medium/00528800/00528890.jpg?3.0.150n
.Tornillos Aterrajadores P/Chapa 6x 5/8 -02 -," (49376) ","
              
 
 





















 




 
 




 
 
 
 
 
 
 
 
 
 
 
 
 
 
 
 
 
 
 
 $109,00
 
 
 
 



 ",https://static.cotodigital3.com.ar/sitios/fotos/medium/00049300/00049376.jpg?3.0.150n
Papel Glace Luma Metalizado 10 Hojas," (178821) ","
              
 
 





















 




 
 




 
 
 
 
 
 
 
 
 
 
 
 
 
 
 
 
 
 
 
 $84,90
 
 
 
 



 ",https://static.cotodigital3.com.ar/sitios/fotos/medium/00178800/00178821.jpg?3.0.150n
Protectores Diarios Colaless Calipso Paq 50 Uni," (528689) ","
              
 
 





















 




 
 




 
 
 
 
 
 
 
 
 
 
 
 
 
 
 
 
 
 
 
 $450,29
 
 
 
 



 ",https://static.cotodigital3.com.ar/sitios/fotos/medium/00528600/00528689.jpg?3.0.150n
Cinta Enmascarar THS 50 M," (90343) ","
              
 
 





















 




 
 




 
 
 
 
 
 
 
 
 
 
 
 
 
 
 
 
 
 
 
 $459,00
 
 
 
 



 ",https://static.cotodigital3.com.ar/sitios/fotos/medium/00090300/00090343.jpg?3.0.150n
Algodon ESTRELLA Pompones Bol 50 Uni," (9154) ","
              
 
 





















 




 
 




 
 
 
 
 
 
 
 
 
 
 
 
 
 
 
 
 
 
 
 $464,99
 
 
 
 



 ",https://static.cotodigital3.com.ar/sitios/fotos/medium/00009100/00009154.jpg?3.0.150n
Protectores Diarios Multiestilo CALIPSO 50 Uni," (530628) ","
              
 
 





















 




 
 




 
 
 
 
 
 
 
 
 
 
 
 
 
 
 
 
 
 
 
 $488,79
 
 
 
 



 ",https://static.cotodigital3.com.ar/sitios/fotos/medium/00530600/00530628.jpg?3.0.150n
LYSOL Toallitas Desinfectantes Poder Cítrico 72 Unid.," (525895) ","
              
 
 





















 




 
 




 
 
 
 
 
 
 
 
 
 
 
 
 
 
 
 
 
 
 
 $704,07
 
 
 
 



 ",https://static.cotodigital3.com.ar/sitios/fotos/medium/00525800/00525895.jpg?3.0.150n
.Tornillos Aterrajadores P/Chapa 6 X 1 -03 -," (49389) ","
              
 
 





















 




 
 




 
 
 
 
 
 
 
 
 
 
 
 
 
 
 
 
 
 
 
 $109,00
 
 
 
 



 ",https://static.cotodigital3.com.ar/sitios/fotos/medium/00049300/00049389.jpg?3.0.150n
"3m Cinta Aisladora Temflex 1550 Negra 18mm X 20m
"," (237662) ","
              
 
 





















 




 
 




 
 
 
 
 
 
 
 
 
 
 
 
 
 
 
 
 
 
 
 $199,00
 
 
 
 



 ",https://static.cotodigital3.com.ar/sitios/fotos/medium/00237600/00237662.jpg?3.0.150n
Toalla Humeda BIALCOHOL Antibacterial C Aloe Fwp 40 Un," (271494) ","
              
 
 





















 




 
 




 
 
 
 
 
 
 
 
 
 
 
 
 
 
 
 
 
 
 
 $411,99
 
 
 
 



 ",https://static.cotodigital3.com.ar/sitios/fotos/medium/00271400/00271494.jpg?3.0.150n
Leñitas Encendido Humos Ata 12 Uni," (497431) ","
              
 
 





















 




 
 




 
 
 
 
 
 
 
 
 
 
 
 
 
 
 
 
 
 
 
 $269,00
 
 
 
 



 ",https://static.cotodigital3.com.ar/sitios/fotos/medium/00497400/00497431.jpg?3.0.150n
Pack X 24 Velas Tornillo Finitas De 17cm Blancas ," (521196) ","
              
 
 





















 




 
 




 
 
 
 
 
 
 
 
 
 
 
 
 
 
 
 
 
 
 
 $248,90
 
 
 
 



 ",https://static.cotodigital3.com.ar/sitios/fotos/medium/00521100/00521196.jpg?3.0.150n
Toallas Húmedas Cuidado Relaja Estrella Baby 50 Uni," (545781) ","
              
 
 





















 




 
 




 
 
 
 
 
 
 
 
 
 
 
 
 
 
 
 
 
 
 
 $520,99
 
 
 
 



 ",https://static.cotodigital3.com.ar/sitios/fotos/medium/00545700/00545781.jpg?3.0.150n
Toallas Húmedas Humectación Sensible Estrella Baby 50 Uni," (545782) ","
              
 
 





















 




 
 




 
 
 
 
 
 
 
 
 
 
 
 
 
 
 
 
 
 
 
 $520,99
 
 
 
 



 ",https://static.cotodigital3.com.ar/sitios/fotos/medium/00545700/00545782.jpg?3.0.150n
LYSOL Toallitas Desinfectantes Frescura Marina 36 Unid.," (525893) ","
              
 
 





















 




 
 




 
 
 
 
 
 
 
 
 
 
 
 
 
 
 
 
 
 
 
 $377,41
 
 
 
 



 ",https://static.cotodigital3.com.ar/sitios/fotos/medium/00525800/00525893.jpg?3.0.150n
